service_id,service_name,vendor_name,dominant_asset_class,dominant_content_type,dominant_super_region,num_times_searched,num_users_subscribed,avg_rating
1,Service_1,Vendor_1,OPTIONS,FINANCIAL MODEL,GLOBAL,17,5,1.06
2,Service_2,Vendor_1,OPTIONS,FINANCIAL MODEL,GLOBAL,11,5,4.26
3,Service_3,Vendor_1,OPTIONS,FINANCIAL MODEL,GLOBAL,24,5,4.91
4,Service_4,Vendor_1,FIXED INCOME,RATINGS,GLOBAL,47,5,4.4
5,Service_5,Vendor_1,FIXED INCOME,PRICING,GLOBAL,7,5,2.27
6,Service_6,Vendor_1,FIXED INCOME,PRICING,GLOBAL,24,5,3.8
7,Service_7,Vendor_1,FIXED INCOME,PRICING,AMERICAS,9,5,1.27
8,Service_8,Vendor_1,FIXED INCOME,PRICING,AMERICAS,5,5,3.74
9,Service_9,Vendor_1,FIXED INCOME,PRICING,GLOBAL,7,5,4.57
10,Service_10,Vendor_1,FIXED INCOME,PRICING,GLOBAL,13,5,2.81
11,Service_11,Vendor_1,FIXED INCOME,PRICING,AMERICAS,22,5,3.03
12,Service_12,Vendor_1,FIXED INCOME,PRICING,AMERICAS,34,5,1.06
13,Service_13,Vendor_1,FIXED INCOME,PRICING,GLOBAL,10,5,3.2
14,Service_14,Vendor_1,FIXED INCOME,PRICING,GLOBAL,43,5,3.57
15,Service_15,Vendor_1,FIXED INCOME,PRICING,GLOBAL,8,5,1.96
16,Service_16,Vendor_1,FIXED INCOME,PRICING,GLOBAL,27,5,1.78
17,Service_17,Vendor_1,FIXED INCOME,PRICING,EMEA,25,5,1.89
18,Service_18,Vendor_1,FIXED INCOME,PRICING,EMEA,25,5,2.66
19,Service_19,Vendor_1,FIXED INCOME,PRICING,GLOBAL,31,5,4.93
20,Service_20,Vendor_1,FIXED INCOME,PRICING,GLOBAL,23,5,4.42
21,Service_21,Vendor_1,FIXED INCOME,RATINGS,GLOBAL,43,5,3.62
22,Service_22,Vendor_1,FIXED INCOME,UNDERLYING SECURITY,EMEA,41,5,2.22
23,Service_23,Vendor_1,FIXED INCOME,PRICING,EMEA,40,5,3.33
24,Service_24,Vendor_1,FIXED INCOME,PRICING,EMEA,49,5,3.26
25,Service_25,Vendor_1,FIXED INCOME,UNDERLYING SECURITY,EMEA,47,5,1.95
26,Service_26,Vendor_1,FIXED INCOME,PRICING,EMEA,27,5,1.22
27,Service_27,Vendor_1,FIXED INCOME,UNDERLYING SECURITY,EMEA,46,5,2.1
28,Service_28,Vendor_1,FIXED INCOME,PRICING,EMEA,3,5,2.93
29,Service_29,Vendor_1,FIXED INCOME,UNDERLYING SECURITY,EMEA,39,5,3.79
30,Service_30,Vendor_1,FIXED INCOME,PRICING,EMEA,6,5,3.54
31,Service_31,Vendor_1,FIXED INCOME,UNDERLYING SECURITY,EMEA,42,5,2.17
32,Service_32,Vendor_1,FIXED INCOME,PRICING,AMERICAS,27,5,1.03
33,Service_33,Vendor_1,FIXED INCOME,UNDERLYING SECURITY,AMERICAS,3,5,3.82
34,Service_34,Vendor_1,FIXED INCOME,PRICING,AMERICAS,12,5,1.24
35,Service_35,Vendor_1,FIXED INCOME,UNDERLYING SECURITY,AMERICAS,40,5,2.81
36,Service_36,Vendor_1,FIXED INCOME,PRICING,AMERICAS,28,5,3.62
37,Service_37,Vendor_1,FIXED INCOME,UNDERLYING SECURITY,AMERICAS,37,5,4.55
38,Service_38,Vendor_1,FIXED INCOME,PRICING,EMEA,50,5,1.85
39,Service_39,Vendor_1,FIXED INCOME,UNDERLYING SECURITY,EMEA,26,5,4.02
40,Service_40,Vendor_1,FIXED INCOME,UNDERLYING SECURITY,AMERICAS,50,5,4.84
41,Service_41,Vendor_1,FIXED INCOME,UNDERLYING SECURITY,EMEA,24,5,2.78
42,Service_42,Vendor_1,FIXED INCOME,UNDERLYING SECURITY,EMEA,24,5,3.92
43,Service_43,Vendor_1,FIXED INCOME,UNDERLYING SECURITY,EMEA,7,5,1.56
44,Service_44,Vendor_1,FIXED INCOME,UNDERLYING SECURITY,AMERICAS,17,5,1.72
45,Service_45,Vendor_1,FIXED INCOME,PRICING,GLOBAL,27,5,3.42
46,Service_46,Vendor_1,FIXED INCOME,PRICING,GLOBAL,47,5,2.64
47,Service_47,Vendor_1,FIXED INCOME,PRICING,AMERICAS,18,5,3.98
48,Service_48,Vendor_1,FIXED INCOME,PRICING,AMERICAS,39,5,2.97
49,Service_49,Vendor_1,FIXED INCOME,PRICING,GLOBAL,44,5,1.35
50,Service_50,Vendor_1,FIXED INCOME,PRICING,GLOBAL,49,5,3.06
51,Service_51,Vendor_1,FIXED INCOME,PRICING,AMERICAS,34,5,1.16
52,Service_52,Vendor_1,FIXED INCOME,PRICING,AMERICAS,2,5,2.91
53,Service_53,Vendor_1,FIXED INCOME,PRICING,GLOBAL,49,5,2.54
54,Service_54,Vendor_1,FIXED INCOME,PRICING,GLOBAL,15,5,4.36
55,Service_55,Vendor_1,FIXED INCOME,PRICING,GLOBAL,40,5,2.96
56,Service_56,Vendor_1,FIXED INCOME,PRICING,GLOBAL,43,5,2.78
57,Service_57,Vendor_1,FIXED INCOME,PRICING,EMEA,37,5,4.54
58,Service_58,Vendor_1,FIXED INCOME,PRICING,EMEA,40,5,1.86
59,Service_59,Vendor_1,FIXED INCOME,PRICING,GLOBAL,45,5,3.83
60,Service_60,Vendor_1,FIXED INCOME,PRICING,GLOBAL,48,5,2.4
61,Service_61,Vendor_2,FX,FINANCIAL MODEL,APAC,20,70,4.08
62,Service_62,Vendor_2,EQUITIES,DATA QUALITY,APAC,22,70,2.42
63,Service_63,Vendor_2,EQUITIES,DATA QUALITY,APAC,26,70,2.22
64,Service_64,Vendor_2,FIXED INCOME,FINANCIAL MODEL,GLOBAL,20,91,3.03
65,Service_65,Vendor_2,EQUITIES,DATA QUALITY,GLOBAL,23,70,4.98
66,Service_66,Vendor_2,EQUITIES,FINANCIAL MODEL,GLOBAL,12,91,1.54
67,Service_67,Vendor_2,FX,FINANCIAL MODEL,GLOBAL,4,91,2.12
68,Service_68,Vendor_2,FX,FINANCIAL MODEL,GLOBAL,12,91,1.21
69,Service_69,Vendor_2,EQUITIES,FINANCIAL MODEL,GLOBAL,14,91,4.22
70,Service_70,Vendor_2,EQUITIES,FINANCIAL MODEL,GLOBAL,32,91,4.63
71,Service_71,Vendor_2,EQUITIES,FINANCIAL MODEL,GLOBAL,14,91,2.24
72,Service_72,Vendor_2,EQUITIES,FINANCIAL MODEL,GLOBAL,28,91,2.88
73,Service_73,Vendor_2,FX,FINANCIAL MODEL,GLOBAL,48,91,3.84
74,Service_74,Vendor_2,FX,FINANCIAL MODEL,GLOBAL,38,91,4.32
75,Service_75,Vendor_2,EQUITIES,FINANCIAL MODEL,GLOBAL,17,91,2.18
76,Service_76,Vendor_2,EQUITIES,FINANCIAL MODEL,GLOBAL,32,91,2.39
77,Service_77,Vendor_2,EQUITIES,FINANCIAL MODEL,GLOBAL,48,91,1.95
78,Service_78,Vendor_2,EQUITIES,FINANCIAL MODEL,GLOBAL,5,91,1.03
79,Service_79,Vendor_2,EQUITIES,PRICING,GLOBAL,28,91,3.95
80,Service_80,Vendor_2,FX,FINANCIAL MODEL,GLOBAL,19,91,1.97
81,Service_81,Vendor_2,FIXED INCOME,FINANCIAL MODEL,GLOBAL,38,91,1.47
82,Service_82,Vendor_2,FIXED INCOME,FINANCIAL MODEL,GLOBAL,39,91,1.31
83,Service_83,Vendor_2,FIXED INCOME,FINANCIAL MODEL,GLOBAL,17,91,1.45
84,Service_84,Vendor_2,FIXED INCOME,FINANCIAL MODEL,GLOBAL,26,91,2.88
85,Service_85,Vendor_2,FIXED INCOME,FINANCIAL MODEL,GLOBAL,19,91,3.91
86,Service_86,Vendor_2,FIXED INCOME,FINANCIAL MODEL,GLOBAL,36,91,1.23
87,Service_87,Vendor_2,FIXED INCOME,FINANCIAL MODEL,GLOBAL,10,91,4.79
88,Service_88,Vendor_2,FIXED INCOME,FINANCIAL MODEL,GLOBAL,12,91,4.06
89,Service_89,Vendor_2,FIXED INCOME,FINANCIAL MODEL,GLOBAL,26,91,1.71
90,Service_90,Vendor_2,FIXED INCOME,FINANCIAL MODEL,GLOBAL,31,91,2.06
91,Service_91,Vendor_2,FIXED INCOME,FINANCIAL MODEL,GLOBAL,9,91,1.75
92,Service_92,Vendor_2,FIXED INCOME,FINANCIAL MODEL,GLOBAL,19,91,1.06
93,Service_93,Vendor_2,FIXED INCOME,FINANCIAL MODEL,GLOBAL,49,91,3.05
94,Service_94,Vendor_2,FIXED INCOME,FINANCIAL MODEL,GLOBAL,13,91,4.1
95,Service_95,Vendor_2,FIXED INCOME,FINANCIAL MODEL,GLOBAL,26,91,4.96
96,Service_96,Vendor_2,FIXED INCOME,FINANCIAL MODEL,GLOBAL,14,91,2.17
97,Service_97,Vendor_2,FIXED INCOME,FINANCIAL MODEL,GLOBAL,6,91,4.84
98,Service_98,Vendor_2,FIXED INCOME,FINANCIAL MODEL,GLOBAL,29,91,2.66
99,Service_99,Vendor_2,FIXED INCOME,FINANCIAL MODEL,GLOBAL,26,91,1.66
100,Service_100,Vendor_2,FIXED INCOME,FINANCIAL MODEL,GLOBAL,6,91,4.63
101,Service_101,Vendor_2,FIXED INCOME,FINANCIAL MODEL,GLOBAL,12,91,3.23
102,Service_102,Vendor_2,FIXED INCOME,FINANCIAL MODEL,GLOBAL,41,91,4.02
103,Service_103,Vendor_2,EQUITIES,DATA QUALITY,AMERICAS,13,70,4.7
104,Service_104,Vendor_2,EQUITIES,DATA QUALITY,EMEA,14,64,4.65
105,Service_105,Vendor_2,FIXED INCOME,FINANCIAL MODEL,GLOBAL,26,91,2.54
106,Service_106,Vendor_2,FIXED INCOME,FINANCIAL MODEL,GLOBAL,37,91,3.94
107,Service_107,Vendor_2,EQUITIES,DATA QUALITY,GLOBAL,36,70,3.14
108,Service_108,Vendor_2,FIXED INCOME,FINANCIAL MODEL,GLOBAL,41,91,3.39
109,Service_109,Vendor_2,FIXED INCOME,FINANCIAL MODEL,GLOBAL,1,91,3.58
110,Service_110,Vendor_2,COMMODITIES,FINANCIAL MODEL,GLOBAL,50,91,3.05
111,Service_111,Vendor_2,EQUITIES,DATA QUALITY,AMERICAS,33,70,4.43
112,Service_112,Vendor_2,FIXED INCOME,FINANCIAL MODEL,GLOBAL,41,91,3.07
113,Service_113,Vendor_2,FIXED INCOME,FINANCIAL MODEL,GLOBAL,17,91,1.11
114,Service_114,Vendor_2,FIXED INCOME,FINANCIAL MODEL,GLOBAL,35,91,4.81
115,Service_115,Vendor_2,FIXED INCOME,FINANCIAL MODEL,GLOBAL,39,91,5
116,Service_116,Vendor_2,FIXED INCOME,FINANCIAL MODEL,GLOBAL,3,91,1.35
117,Service_117,Vendor_2,FIXED INCOME,FINANCIAL MODEL,GLOBAL,48,91,3.94
118,Service_118,Vendor_2,FIXED INCOME,FINANCIAL MODEL,GLOBAL,28,91,4.82
119,Service_119,Vendor_2,FIXED INCOME,FINANCIAL MODEL,GLOBAL,32,91,2.43
120,Service_120,Vendor_2,FIXED INCOME,FINANCIAL MODEL,GLOBAL,6,91,1.03
121,Service_121,Vendor_2,FIXED INCOME,FINANCIAL MODEL,GLOBAL,10,91,1.07
122,Service_122,Vendor_2,FIXED INCOME,FINANCIAL MODEL,GLOBAL,20,91,4.34
123,Service_123,Vendor_2,FIXED INCOME,FINANCIAL MODEL,GLOBAL,23,91,1.08
124,Service_124,Vendor_2,EQUITIES,DATA QUALITY,EMEA,19,64,2.18
125,Service_125,Vendor_2,EQUITIES,DATA QUALITY,AMERICAS,39,70,3.82
126,Service_126,Vendor_2,EQUITIES,DATA QUALITY,APAC,12,70,2.36
127,Service_127,Vendor_2,EQUITIES,DATA QUALITY,APAC,16,70,3.59
128,Service_128,Vendor_2,EQUITIES,DATA QUALITY,AMERICAS,47,70,1.99
129,Service_129,Vendor_2,EQUITIES,DATA QUALITY,EMEA,36,70,4.46
130,Service_130,Vendor_2,FIXED INCOME,FINANCIAL MODEL,AMERICAS,3,91,2.33
131,Service_131,Vendor_2,FIXED INCOME,FINANCIAL MODEL,AMERICAS,32,91,2.5
132,Service_132,Vendor_2,FIXED INCOME,FINANCIAL MODEL,AMERICAS,20,91,1.14
133,Service_133,Vendor_2,EQUITIES,DATA QUALITY,APAC,39,70,4.71
134,Service_134,Vendor_2,EQUITIES,DATA QUALITY,APAC,41,70,1.43
135,Service_135,Vendor_2,EQUITIES,DATA QUALITY,EMEA,45,70,2.8
136,Service_136,Vendor_2,EQUITIES,DATA QUALITY,AMERICAS,41,70,2.92
137,Service_137,Vendor_2,FX,FINANCIAL MODEL,APAC,25,70,3.76
138,Service_138,Vendor_2,EQUITIES,DATA QUALITY,APAC,23,70,1.33
139,Service_139,Vendor_2,EQUITIES,DATA QUALITY,APAC,35,70,4.81
140,Service_140,Vendor_2,EQUITIES,DATA QUALITY,AMERICAS,15,70,2.2
141,Service_141,Vendor_2,EQUITIES,DATA QUALITY,AMERICAS,36,70,4.49
142,Service_142,Vendor_2,EQUITIES,DATA QUALITY,GLOBAL,49,70,3.88
143,Service_143,Vendor_2,EQUITIES,DATA QUALITY,EMEA,50,70,1.49
144,Service_144,Vendor_2,EQUITIES,DATA QUALITY,GLOBAL,25,70,4.42
145,Service_145,Vendor_3,COMMODITIES,FUNDAMENTAL ANALYSIS,AMERICAS,23,128,1.96
146,Service_146,Vendor_3,COMMODITIES,FUNDAMENTAL ANALYSIS,EMEA,40,128,4.13
147,Service_147,Vendor_3,COMMODITIES,FUNDAMENTAL ANALYSIS,AMERICAS,14,128,3.48
148,Service_148,Vendor_3,COMMODITIES,FUNDAMENTAL ANALYSIS,EMEA,7,128,4.26
149,Service_149,Vendor_3,COMMODITIES,FUNDAMENTAL ANALYSIS,EMEA,44,128,4.79
150,Service_150,Vendor_3,COMMODITIES,FUNDAMENTAL ANALYSIS,EMEA,48,128,3.53
151,Service_151,Vendor_3,COMMODITIES,FUNDAMENTAL ANALYSIS,EMEA,40,128,4.11
152,Service_152,Vendor_3,COMMODITIES,FUNDAMENTAL ANALYSIS,EMEA,50,128,4.66
153,Service_153,Vendor_3,COMMODITIES,FUNDAMENTAL ANALYSIS,EMEA,40,128,3.17
154,Service_154,Vendor_3,COMMODITIES,FUNDAMENTAL ANALYSIS,EMEA,25,128,1.74
155,Service_155,Vendor_3,COMMODITIES,FUNDAMENTAL ANALYSIS,EMEA,18,128,1.86
156,Service_156,Vendor_3,COMMODITIES,FUNDAMENTAL ANALYSIS,EMEA,21,128,3.42
157,Service_157,Vendor_3,COMMODITIES,FUNDAMENTAL ANALYSIS,EMEA,11,128,2.51
158,Service_158,Vendor_3,COMMODITIES,FUNDAMENTAL ANALYSIS,EMEA,45,128,2.55
159,Service_159,Vendor_3,COMMODITIES,FUNDAMENTAL ANALYSIS,AMERICAS,3,128,1.78
160,Service_160,Vendor_3,COMMODITIES,FUNDAMENTAL ANALYSIS,AMERICAS,21,128,4.01
161,Service_161,Vendor_3,COMMODITIES,FUNDAMENTAL ANALYSIS,AMERICAS,3,128,4.5
162,Service_162,Vendor_3,COMMODITIES,FUNDAMENTAL ANALYSIS,AMERICAS,24,128,1.65
163,Service_163,Vendor_3,COMMODITIES,FUNDAMENTAL ANALYSIS,AMERICAS,26,128,2.09
164,Service_164,Vendor_3,COMMODITIES,FUNDAMENTAL ANALYSIS,AMERICAS,28,128,1.16
165,Service_165,Vendor_3,COMMODITIES,FUNDAMENTAL ANALYSIS,AMERICAS,22,128,1.16
166,Service_166,Vendor_3,COMMODITIES,FUNDAMENTAL ANALYSIS,AMERICAS,11,128,2.33
167,Service_167,Vendor_3,COMMODITIES,FUNDAMENTAL ANALYSIS,AMERICAS,14,128,2.41
168,Service_168,Vendor_3,COMMODITIES,FUNDAMENTAL ANALYSIS,EMEA,46,128,2.16
169,Service_169,Vendor_3,COMMODITIES,FUNDAMENTAL ANALYSIS,AMERICAS,43,128,4.64
170,Service_170,Vendor_3,COMMODITIES,FUNDAMENTAL ANALYSIS,AMERICAS,28,128,3.81
171,Service_171,Vendor_3,COMMODITIES,FUNDAMENTAL ANALYSIS,AMERICAS,37,128,2.86
172,Service_172,Vendor_3,COMMODITIES,FUNDAMENTAL ANALYSIS,AMERICAS,8,128,3.96
173,Service_173,Vendor_3,COMMODITIES,REFERENCE DATA,AMERICAS,28,128,1.91
174,Service_174,Vendor_3,COMMODITIES,REFERENCE DATA,AMERICAS,34,128,4.05
175,Service_175,Vendor_3,COMMODITIES,REFERENCE DATA,AMERICAS,7,128,4.28
176,Service_176,Vendor_3,COMMODITIES,REFERENCE DATA,AMERICAS,35,128,4.58
177,Service_177,Vendor_3,COMMODITIES,REFERENCE DATA,AMERICAS,15,128,2.8
178,Service_178,Vendor_3,COMMODITIES,REFERENCE DATA,AMERICAS,26,128,4.08
179,Service_179,Vendor_3,COMMODITIES,REFERENCE DATA,AMERICAS,38,128,2.75
180,Service_180,Vendor_3,COMMODITIES,REFERENCE DATA,AMERICAS,26,128,3.2
181,Service_181,Vendor_3,COMMODITIES,REFERENCE DATA,AMERICAS,16,128,3.62
182,Service_182,Vendor_3,COMMODITIES,REFERENCE DATA,AMERICAS,41,128,3.3
183,Service_183,Vendor_3,COMMODITIES,PRICING,AMERICAS,17,128,2.12
184,Service_184,Vendor_3,COMMODITIES,PRICING,AMERICAS,18,128,1.59
185,Service_185,Vendor_3,COMMODITIES,FUNDAMENTAL ANALYSIS,AMERICAS,25,128,3.11
186,Service_186,Vendor_3,COMMODITIES,FUNDAMENTAL ANALYSIS,AMERICAS,41,128,2.2
187,Service_187,Vendor_3,COMMODITIES,FUNDAMENTAL ANALYSIS,AMERICAS,7,128,1.67
188,Service_188,Vendor_3,COMMODITIES,FUNDAMENTAL ANALYSIS,AMERICAS,24,128,1.01
189,Service_189,Vendor_3,COMMODITIES,FUNDAMENTAL ANALYSIS,AMERICAS,44,128,4.08
190,Service_190,Vendor_3,COMMODITIES,FUNDAMENTAL ANALYSIS,AMERICAS,15,128,1.45
191,Service_191,Vendor_3,COMMODITIES,FUNDAMENTAL ANALYSIS,AMERICAS,46,128,4.79
192,Service_192,Vendor_3,COMMODITIES,FUNDAMENTAL ANALYSIS,AMERICAS,6,128,3.79
193,Service_193,Vendor_3,COMMODITIES,FUNDAMENTAL ANALYSIS,AMERICAS,46,128,2.67
194,Service_194,Vendor_3,COMMODITIES,FUNDAMENTAL ANALYSIS,AMERICAS,14,128,4.68
195,Service_195,Vendor_3,COMMODITIES,FUNDAMENTAL ANALYSIS,AMERICAS,20,128,2.81
196,Service_196,Vendor_3,COMMODITIES,FUNDAMENTAL ANALYSIS,AMERICAS,2,128,4.82
197,Service_197,Vendor_3,COMMODITIES,FUNDAMENTAL ANALYSIS,AMERICAS,22,128,3.68
198,Service_198,Vendor_3,COMMODITIES,FUNDAMENTAL ANALYSIS,AMERICAS,3,128,1.94
199,Service_199,Vendor_4,EQUITIES,REFERENCE DATA,GLOBAL,4,333,4.25
200,Service_200,Vendor_4,EQUITIES,REFERENCE DATA,GLOBAL,26,333,1.94
201,Service_201,Vendor_4,FIXED INCOME,RISK,GLOBAL,8,9,4.72
202,Service_202,Vendor_4,FIXED INCOME,RISK,GLOBAL,22,6,4.53
203,Service_203,Vendor_4,FIXED INCOME,RISK,GLOBAL,49,5,3.17
204,Service_204,Vendor_4,EQUITIES,ESTIMATES,AMERICAS,1,333,3.42
205,Service_205,Vendor_4,EQUITIES,ESTIMATES,AMERICAS,22,333,2.03
206,Service_206,Vendor_4,EQUITIES,ESTIMATES,AMERICAS,20,333,4.18
207,Service_207,Vendor_4,EQUITIES,ESTIMATES,APAC,29,333,3.33
208,Service_208,Vendor_4,EQUITIES,ESTIMATES,APAC,26,333,1.4
209,Service_209,Vendor_4,EQUITIES,ESTIMATES,APAC,22,333,3.65
210,Service_210,Vendor_4,EQUITIES,ESTIMATES,EMEA,38,333,4.69
211,Service_211,Vendor_4,EQUITIES,ESTIMATES,EMEA,40,333,4.4
212,Service_212,Vendor_4,EQUITIES,ESTIMATES,EMEA,18,333,3.47
213,Service_213,Vendor_4,EQUITIES,ESTIMATES,APAC,13,333,3.13
214,Service_214,Vendor_4,EQUITIES,ESTIMATES,APAC,48,333,3.56
215,Service_215,Vendor_4,EQUITIES,ESTIMATES,APAC,23,333,3.69
216,Service_216,Vendor_4,FUTURES,REFERENCE DATA,APAC,17,199,3.8
217,Service_217,Vendor_4,FUTURES,PRICING,APAC,26,199,3.75
218,Service_218,Vendor_4,FUTURES,PRICING,APAC,38,199,3.16
219,Service_219,Vendor_4,FUTURES,REFERENCE DATA,EMEA,28,199,3.96
220,Service_220,Vendor_4,FUTURES,PRICING,EMEA,27,199,2.56
221,Service_221,Vendor_4,FUTURES,PRICING,EMEA,47,199,3.56
222,Service_222,Vendor_4,FUTURES,REFERENCE DATA,AMERICAS,28,199,3.88
223,Service_223,Vendor_4,FUTURES,PRICING,AMERICAS,2,199,3.18
224,Service_224,Vendor_4,FUTURES,PRICING,AMERICAS,15,199,4.06
225,Service_225,Vendor_4,FUTURES,REFERENCE DATA,AMERICAS,47,199,3.99
226,Service_226,Vendor_4,FUTURES,PRICING,AMERICAS,38,199,3.27
227,Service_227,Vendor_4,FUTURES,PRICING,AMERICAS,34,199,4.85
228,Service_228,Vendor_4,FUTURES,STRATEGY & SPREADS,AMERICAS,21,199,4.61
229,Service_229,Vendor_4,FIXED INCOME,CORPORATE ACTIONS,APAC,49,107,2.62
230,Service_230,Vendor_4,FIXED INCOME,REFERENCE DATA,APAC,46,107,1.86
231,Service_231,Vendor_4,FIXED INCOME,PRICING,APAC,44,107,4.37
232,Service_232,Vendor_4,FIXED INCOME,REFERENCE DATA,APAC,28,107,4.86
233,Service_233,Vendor_4,FIXED INCOME,PRICING,APAC,31,107,2.2
234,Service_234,Vendor_4,FIXED INCOME,PRICING,APAC,48,107,3.82
235,Service_235,Vendor_4,FIXED INCOME,REFERENCE DATA,APAC,19,107,3.67
236,Service_236,Vendor_4,FIXED INCOME,PRICING,APAC,49,107,4.02
237,Service_237,Vendor_4,FIXED INCOME,REFERENCE DATA,APAC,44,107,4.39
238,Service_238,Vendor_4,FIXED INCOME,PRICING,APAC,6,107,3.14
239,Service_239,Vendor_4,FIXED INCOME,PRICING,APAC,6,107,1.78
240,Service_240,Vendor_4,FIXED INCOME,CORPORATE ACTIONS,APAC,18,107,4
241,Service_241,Vendor_4,FIXED INCOME,CORPORATE ACTIONS,APAC,49,77,1.82
242,Service_242,Vendor_4,FIXED INCOME,PRICING,APAC,15,77,2.98
243,Service_243,Vendor_4,FIXED INCOME,PRICING,APAC,21,77,1.98
244,Service_244,Vendor_4,FIXED INCOME,REFERENCE DATA,APAC,24,77,2.86
245,Service_245,Vendor_4,FIXED INCOME,PRICING,APAC,5,77,1.6
246,Service_246,Vendor_4,FIXED INCOME,PRICING,APAC,26,77,4.52
247,Service_247,Vendor_4,FIXED INCOME,REFERENCE DATA,APAC,13,77,1.03
248,Service_248,Vendor_4,FIXED INCOME,PRICING,APAC,43,77,2.56
249,Service_249,Vendor_4,FIXED INCOME,REFERENCE DATA,APAC,32,77,3.27
250,Service_250,Vendor_4,FIXED INCOME,PRICING,APAC,45,77,1.23
251,Service_251,Vendor_4,FIXED INCOME,PRICING,APAC,37,77,2.57
252,Service_252,Vendor_4,FIXED INCOME,CORPORATE ACTIONS,APAC,37,77,4.9
253,Service_253,Vendor_4,FIXED INCOME,CORPORATE ACTIONS,EMEA,11,77,4.53
254,Service_254,Vendor_4,FIXED INCOME,REFERENCE DATA,EMEA,34,77,4.98
255,Service_255,Vendor_4,FIXED INCOME,PRICING,EMEA,24,77,2.41
256,Service_256,Vendor_4,FIXED INCOME,REFERENCE DATA,EMEA,38,77,1.08
257,Service_257,Vendor_4,FIXED INCOME,PRICING,EMEA,22,77,1.39
258,Service_258,Vendor_4,FIXED INCOME,PRICING,EMEA,36,77,4.69
259,Service_259,Vendor_4,FIXED INCOME,REFERENCE DATA,EMEA,33,77,3.79
260,Service_260,Vendor_4,FIXED INCOME,PRICING,EMEA,15,77,2.42
261,Service_261,Vendor_4,FIXED INCOME,REFERENCE DATA,EMEA,30,77,2.81
262,Service_262,Vendor_4,FIXED INCOME,PRICING,EMEA,1,77,2.62
263,Service_263,Vendor_4,FIXED INCOME,PRICING,EMEA,32,77,4.23
264,Service_264,Vendor_4,FIXED INCOME,CORPORATE ACTIONS,EMEA,15,77,2.33
265,Service_265,Vendor_4,FIXED INCOME,CORPORATE ACTIONS,AMERICAS,6,77,4.91
266,Service_266,Vendor_4,FIXED INCOME,REFERENCE DATA,AMERICAS,24,77,2.99
267,Service_267,Vendor_4,FIXED INCOME,PRICING,AMERICAS,9,77,2.92
268,Service_268,Vendor_4,FIXED INCOME,REFERENCE DATA,AMERICAS,31,77,2.46
269,Service_269,Vendor_4,FIXED INCOME,PRICING,AMERICAS,48,77,4.98
270,Service_270,Vendor_4,FIXED INCOME,PRICING,AMERICAS,3,77,1.51
271,Service_271,Vendor_4,FIXED INCOME,REFERENCE DATA,AMERICAS,18,77,2.99
272,Service_272,Vendor_4,FIXED INCOME,PRICING,AMERICAS,32,77,2.09
273,Service_273,Vendor_4,FIXED INCOME,REFERENCE DATA,AMERICAS,33,77,2.49
274,Service_274,Vendor_4,FIXED INCOME,PRICING,AMERICAS,33,77,4.08
275,Service_275,Vendor_4,FIXED INCOME,PRICING,AMERICAS,40,77,2.51
276,Service_276,Vendor_4,FIXED INCOME,CORPORATE ACTIONS,AMERICAS,50,77,3.03
277,Service_277,Vendor_4,FIXED INCOME,CORPORATE ACTIONS,AMERICAS,12,77,4.19
278,Service_278,Vendor_4,FIXED INCOME,REFERENCE DATA,AMERICAS,28,77,3.17
279,Service_279,Vendor_4,FIXED INCOME,PRICING,AMERICAS,34,77,1.4
280,Service_280,Vendor_4,FIXED INCOME,REFERENCE DATA,AMERICAS,35,77,4.33
281,Service_281,Vendor_4,FIXED INCOME,PRICING,AMERICAS,29,77,2.55
282,Service_282,Vendor_4,FIXED INCOME,PRICING,AMERICAS,38,77,1.06
283,Service_283,Vendor_4,FIXED INCOME,REFERENCE DATA,AMERICAS,22,77,2.88
284,Service_284,Vendor_4,FIXED INCOME,PRICING,AMERICAS,13,77,1.19
285,Service_285,Vendor_4,FIXED INCOME,REFERENCE DATA,AMERICAS,26,77,2
286,Service_286,Vendor_4,FIXED INCOME,PRICING,AMERICAS,23,77,3.95
287,Service_287,Vendor_4,FIXED INCOME,PRICING,AMERICAS,30,77,4.91
288,Service_288,Vendor_4,FIXED INCOME,CORPORATE ACTIONS,AMERICAS,17,77,2.65
289,Service_289,Vendor_4,FIXED INCOME,CORPORATE ACTIONS,EMEA,47,107,2.01
290,Service_290,Vendor_4,FIXED INCOME,REFERENCE DATA,EMEA,43,107,1.93
291,Service_291,Vendor_4,FIXED INCOME,PRICING,EMEA,13,107,2.9
292,Service_292,Vendor_4,FIXED INCOME,REFERENCE DATA,EMEA,9,107,3.02
293,Service_293,Vendor_4,FIXED INCOME,PRICING,EMEA,47,107,3.98
294,Service_294,Vendor_4,FIXED INCOME,PRICING,EMEA,24,107,4.05
295,Service_295,Vendor_4,FIXED INCOME,REFERENCE DATA,EMEA,47,107,4.44
296,Service_296,Vendor_4,FIXED INCOME,PRICING,EMEA,15,107,4.23
297,Service_297,Vendor_4,FIXED INCOME,REFERENCE DATA,EMEA,42,107,1.32
298,Service_298,Vendor_4,FIXED INCOME,PRICING,EMEA,47,107,4.8
299,Service_299,Vendor_4,FIXED INCOME,PRICING,EMEA,38,107,1.7
300,Service_300,Vendor_4,FIXED INCOME,CORPORATE ACTIONS,EMEA,21,107,4.39
301,Service_301,Vendor_4,FIXED INCOME,CORPORATE ACTIONS,AMERICAS,3,107,3.51
302,Service_302,Vendor_4,FIXED INCOME,REFERENCE DATA,AMERICAS,24,107,2.01
303,Service_303,Vendor_4,FIXED INCOME,PRICING,AMERICAS,47,107,2.8
304,Service_304,Vendor_4,FIXED INCOME,REFERENCE DATA,AMERICAS,14,107,5
305,Service_305,Vendor_4,FIXED INCOME,PRICING,AMERICAS,33,107,2.06
306,Service_306,Vendor_4,FIXED INCOME,PRICING,AMERICAS,32,107,2.13
307,Service_307,Vendor_4,FIXED INCOME,REFERENCE DATA,AMERICAS,15,107,4.37
308,Service_308,Vendor_4,FIXED INCOME,PRICING,AMERICAS,5,107,3.51
309,Service_309,Vendor_4,FIXED INCOME,REFERENCE DATA,AMERICAS,32,107,1.48
310,Service_310,Vendor_4,FIXED INCOME,PRICING,AMERICAS,45,107,1.59
311,Service_311,Vendor_4,FIXED INCOME,PRICING,AMERICAS,40,107,4.16
312,Service_312,Vendor_4,FIXED INCOME,CORPORATE ACTIONS,AMERICAS,36,107,2.92
313,Service_313,Vendor_4,FIXED INCOME,CORPORATE ACTIONS,AMERICAS,41,107,1.82
314,Service_314,Vendor_4,FIXED INCOME,REFERENCE DATA,AMERICAS,12,107,2.12
315,Service_315,Vendor_4,FIXED INCOME,PRICING,AMERICAS,28,107,2.37
316,Service_316,Vendor_4,FIXED INCOME,REFERENCE DATA,AMERICAS,15,107,2.19
317,Service_317,Vendor_4,FIXED INCOME,PRICING,AMERICAS,6,107,4.91
318,Service_318,Vendor_4,FIXED INCOME,PRICING,AMERICAS,41,107,2.78
319,Service_319,Vendor_4,FIXED INCOME,REFERENCE DATA,AMERICAS,4,107,4.01
320,Service_320,Vendor_4,FIXED INCOME,PRICING,AMERICAS,23,107,1.66
321,Service_321,Vendor_4,FIXED INCOME,REFERENCE DATA,AMERICAS,22,107,4.42
322,Service_322,Vendor_4,FIXED INCOME,PRICING,AMERICAS,37,107,3
323,Service_323,Vendor_4,FIXED INCOME,PRICING,AMERICAS,4,107,1.34
324,Service_324,Vendor_4,FIXED INCOME,CORPORATE ACTIONS,AMERICAS,34,107,2.28
325,Service_325,Vendor_4,FIXED INCOME,RISK,GLOBAL,29,9,4.79
326,Service_326,Vendor_4,FX,PRICING,APAC,24,9,3.74
327,Service_327,Vendor_4,FX,PRICING,APAC,10,2,4.72
328,Service_328,Vendor_4,FX,PRICING,EMEA,14,7,1.55
329,Service_329,Vendor_4,FX,PRICING,AMERICAS,10,10,4.09
330,Service_330,Vendor_4,FX,PRICING,AMERICAS,17,6,3.04
331,Service_331,Vendor_4,EQUITIES,CORPORATE ACTIONS,APAC,31,304,2.9
332,Service_332,Vendor_4,EQUITIES,REFERENCE DATA,APAC,17,304,2.96
333,Service_333,Vendor_4,EQUITIES,REFERENCE DATA,APAC,26,304,4.22
334,Service_334,Vendor_4,EQUITIES,PRICING,APAC,39,304,4.95
335,Service_335,Vendor_4,EQUITIES,REFERENCE DATA,APAC,25,304,2.29
336,Service_336,Vendor_4,EQUITIES,PRICING,APAC,17,304,1.96
337,Service_337,Vendor_4,EQUITIES,CORPORATE ACTIONS,APAC,28,304,4.5
338,Service_338,Vendor_4,EQUITIES,CORPORATE ACTIONS,APAC,31,304,1.89
339,Service_339,Vendor_4,EQUITIES,REFERENCE DATA,APAC,1,304,2.45
340,Service_340,Vendor_4,EQUITIES,REFERENCE DATA,APAC,38,304,2.6
341,Service_341,Vendor_4,EQUITIES,PRICING,APAC,39,304,1.07
342,Service_342,Vendor_4,EQUITIES,REFERENCE DATA,APAC,38,304,3.72
343,Service_343,Vendor_4,EQUITIES,PRICING,APAC,1,304,3.51
344,Service_344,Vendor_4,EQUITIES,CORPORATE ACTIONS,APAC,28,304,1.4
345,Service_345,Vendor_4,EQUITIES,CORPORATE ACTIONS,EMEA,35,304,2.26
346,Service_346,Vendor_4,EQUITIES,REFERENCE DATA,EMEA,35,304,2.44
347,Service_347,Vendor_4,EQUITIES,REFERENCE DATA,EMEA,37,304,4.85
348,Service_348,Vendor_4,EQUITIES,PRICING,EMEA,28,304,4.05
349,Service_349,Vendor_4,EQUITIES,REFERENCE DATA,EMEA,14,304,2.76
350,Service_350,Vendor_4,EQUITIES,PRICING,EMEA,42,304,2.62
351,Service_351,Vendor_4,EQUITIES,CORPORATE ACTIONS,EMEA,31,304,2.23
352,Service_352,Vendor_4,EQUITIES,CORPORATE ACTIONS,APAC,50,58,1.85
353,Service_353,Vendor_4,EQUITIES,UNDERLYING SECURITY,APAC,28,58,1.49
354,Service_354,Vendor_4,EQUITIES,UNDERLYING SECURITY,APAC,47,58,1.32
355,Service_355,Vendor_4,EQUITIES,PRICING,APAC,17,58,1.91
356,Service_356,Vendor_4,EQUITIES,PRICING,APAC,23,58,4.49
357,Service_357,Vendor_4,EQUITIES,PRICING,APAC,33,58,2.25
358,Service_358,Vendor_4,EQUITIES,CORPORATE ACTIONS,APAC,34,58,2.01
359,Service_359,Vendor_4,EQUITIES,CORPORATE ACTIONS,APAC,1,58,2.83
360,Service_360,Vendor_4,EQUITIES,UNDERLYING SECURITY,APAC,19,58,3
361,Service_361,Vendor_4,EQUITIES,UNDERLYING SECURITY,APAC,8,58,4.66
362,Service_362,Vendor_4,EQUITIES,PRICING,APAC,7,58,4.83
363,Service_363,Vendor_4,EQUITIES,PRICING,APAC,15,58,3.48
364,Service_364,Vendor_4,EQUITIES,PORTFOLIO MANAGEMENT,APAC,11,58,4.32
365,Service_365,Vendor_4,EQUITIES,CORPORATE ACTIONS,APAC,44,58,4.45
366,Service_366,Vendor_4,EQUITIES,CORPORATE ACTIONS,EMEA,19,58,3.99
367,Service_367,Vendor_4,EQUITIES,UNDERLYING SECURITY,EMEA,27,58,2.86
368,Service_368,Vendor_4,EQUITIES,UNDERLYING SECURITY,EMEA,27,58,1.88
369,Service_369,Vendor_4,EQUITIES,PRICING,EMEA,16,58,1.61
370,Service_370,Vendor_4,EQUITIES,PRICING,EMEA,31,58,3.25
371,Service_371,Vendor_4,EQUITIES,PRICING,EMEA,28,58,1.99
372,Service_372,Vendor_4,EQUITIES,PORTFOLIO MANAGEMENT,EMEA,14,58,3.72
373,Service_373,Vendor_4,EQUITIES,CORPORATE ACTIONS,EMEA,23,58,2.01
374,Service_374,Vendor_4,EQUITIES,CORPORATE ACTIONS,AMERICAS,38,58,4.23
375,Service_375,Vendor_4,EQUITIES,UNDERLYING SECURITY,AMERICAS,41,58,3.72
376,Service_376,Vendor_4,EQUITIES,UNDERLYING SECURITY,AMERICAS,49,58,2.65
377,Service_377,Vendor_4,EQUITIES,PRICING,AMERICAS,7,58,2.95
378,Service_378,Vendor_4,EQUITIES,PRICING,AMERICAS,40,58,1.42
379,Service_379,Vendor_4,EQUITIES,PORTFOLIO MANAGEMENT,AMERICAS,20,58,1.74
380,Service_380,Vendor_4,EQUITIES,CORPORATE ACTIONS,AMERICAS,47,58,4.16
381,Service_381,Vendor_4,EQUITIES,CORPORATE ACTIONS,AMERICAS,29,58,3.05
382,Service_382,Vendor_4,EQUITIES,UNDERLYING SECURITY,AMERICAS,27,58,4.01
383,Service_383,Vendor_4,EQUITIES,UNDERLYING SECURITY,AMERICAS,31,58,2.61
384,Service_384,Vendor_4,EQUITIES,PRICING,AMERICAS,20,58,4.78
385,Service_385,Vendor_4,EQUITIES,PRICING,AMERICAS,1,58,2.14
386,Service_386,Vendor_4,EQUITIES,PORTFOLIO MANAGEMENT,AMERICAS,15,58,1.93
387,Service_387,Vendor_4,EQUITIES,CORPORATE ACTIONS,AMERICAS,44,58,2.96
388,Service_388,Vendor_4,EQUITIES,CORPORATE ACTIONS,AMERICAS,42,304,3.62
389,Service_389,Vendor_4,EQUITIES,REFERENCE DATA,AMERICAS,20,304,4.32
390,Service_390,Vendor_4,EQUITIES,REFERENCE DATA,AMERICAS,21,304,4.31
391,Service_391,Vendor_4,EQUITIES,PRICING,AMERICAS,1,304,3.3
392,Service_392,Vendor_4,EQUITIES,REFERENCE DATA,AMERICAS,29,304,3.11
393,Service_393,Vendor_4,EQUITIES,PRICING,AMERICAS,5,304,3.53
394,Service_394,Vendor_4,EQUITIES,CORPORATE ACTIONS,AMERICAS,49,304,2.57
395,Service_395,Vendor_4,EQUITIES,REFERENCE DATA,EMEA,8,304,4.52
396,Service_396,Vendor_4,EQUITIES,REFERENCE DATA,EMEA,28,304,1.74
397,Service_397,Vendor_4,EQUITIES,PRICING,EMEA,47,304,4.69
398,Service_398,Vendor_4,EQUITIES,REFERENCE DATA,EMEA,27,304,3.4
399,Service_399,Vendor_4,EQUITIES,PRICING,EMEA,12,304,4.17
400,Service_400,Vendor_4,EQUITIES,PRICING,EMEA,34,304,2.1
401,Service_401,Vendor_4,EQUITIES,CORPORATE ACTIONS,AMERICAS,37,304,1.61
402,Service_402,Vendor_4,OPTIONS,UNDERLYING SECURITY,APAC,12,161,2.53
403,Service_403,Vendor_4,OPTIONS,UNDERLYING SECURITY,APAC,27,161,2.36
404,Service_404,Vendor_4,OPTIONS,PRICING,APAC,33,161,1.72
405,Service_405,Vendor_4,OPTIONS,UNDERLYING SECURITY,APAC,38,161,4.79
406,Service_406,Vendor_4,OPTIONS,UNDERLYING SECURITY,APAC,27,161,1.84
407,Service_407,Vendor_4,OPTIONS,PRICING,APAC,39,161,2.18
408,Service_408,Vendor_4,OPTIONS,PRICING,APAC,29,161,2.53
409,Service_409,Vendor_4,OPTIONS,UNDERLYING SECURITY,AMERICAS,44,161,1.01
410,Service_410,Vendor_4,OPTIONS,UNDERLYING SECURITY,APAC,13,161,4.61
411,Service_411,Vendor_4,OPTIONS,UNDERLYING SECURITY,EMEA,27,161,2.02
412,Service_412,Vendor_4,OPTIONS,UNDERLYING SECURITY,EMEA,50,161,1.46
413,Service_413,Vendor_4,OPTIONS,UNDERLYING SECURITY,EMEA,27,161,4.61
414,Service_414,Vendor_4,OPTIONS,PRICING,EMEA,2,161,1.85
415,Service_415,Vendor_4,OPTIONS,PRICING,EMEA,30,161,4.77
416,Service_416,Vendor_4,OPTIONS,UNDERLYING SECURITY,AMERICAS,48,161,1.06
417,Service_417,Vendor_4,OPTIONS,UNDERLYING SECURITY,AMERICAS,2,161,4.82
418,Service_418,Vendor_4,OPTIONS,PRICING,AMERICAS,33,161,1.81
419,Service_419,Vendor_4,OPTIONS,UNDERLYING SECURITY,AMERICAS,19,161,4.68
420,Service_420,Vendor_4,OPTIONS,UNDERLYING SECURITY,AMERICAS,26,161,1.56
421,Service_421,Vendor_4,OPTIONS,PRICING,AMERICAS,4,161,2.57
422,Service_422,Vendor_5,EQUITIES,POSITIONS,GLOBAL,46,6,2.06
423,Service_423,Vendor_5,FX,POSITIONS,GLOBAL,40,6,4.81
424,Service_424,Vendor_5,FIXED INCOME,POSITIONS,GLOBAL,15,6,3.48
425,Service_425,Vendor_5,EQUITIES,PORTFOLIO MANAGEMENT,GLOBAL,20,6,4.9
426,Service_426,Vendor_5,EQUITIES,PORTFOLIO MANAGEMENT,GLOBAL,31,6,3.02
427,Service_427,Vendor_5,EQUITIES,FUNDAMENTAL ANALYSIS,GLOBAL,47,6,4.87
428,Service_428,Vendor_5,EQUITIES,FUNDAMENTAL ANALYSIS,GLOBAL,22,6,2.09
429,Service_429,Vendor_5,EQUITIES,FUNDAMENTAL ANALYSIS,GLOBAL,22,6,3.81
430,Service_430,Vendor_5,EQUITIES,PORTFOLIO MANAGEMENT,GLOBAL,48,6,1.38
431,Service_431,Vendor_5,EQUITIES,PORTFOLIO MANAGEMENT,GLOBAL,1,6,4.84
432,Service_432,Vendor_5,EQUITIES,FUNDAMENTAL ANALYSIS,GLOBAL,18,6,4.33
433,Service_433,Vendor_5,EQUITIES,FUNDAMENTAL ANALYSIS,GLOBAL,12,6,2.68
434,Service_434,Vendor_5,EQUITIES,FUNDAMENTAL ANALYSIS,GLOBAL,21,6,4.35
435,Service_435,Vendor_5,EQUITIES,PORTFOLIO MANAGEMENT,GLOBAL,16,6,1.81
436,Service_436,Vendor_5,EQUITIES,PORTFOLIO MANAGEMENT,GLOBAL,3,6,2.51
437,Service_437,Vendor_5,EQUITIES,FUNDAMENTAL ANALYSIS,GLOBAL,41,6,1.92
438,Service_438,Vendor_5,EQUITIES,FUNDAMENTAL ANALYSIS,GLOBAL,47,6,4.66
439,Service_439,Vendor_5,EQUITIES,FUNDAMENTAL ANALYSIS,GLOBAL,22,6,3.05
440,Service_440,Vendor_5,EQUITIES,PORTFOLIO MANAGEMENT,GLOBAL,9,6,4.36
441,Service_441,Vendor_5,EQUITIES,PORTFOLIO MANAGEMENT,GLOBAL,39,6,1.45
442,Service_442,Vendor_5,EQUITIES,FUNDAMENTAL ANALYSIS,GLOBAL,21,6,1.03
443,Service_443,Vendor_5,EQUITIES,FUNDAMENTAL ANALYSIS,GLOBAL,21,6,1.37
444,Service_444,Vendor_5,EQUITIES,FUNDAMENTAL ANALYSIS,GLOBAL,15,6,4.31
445,Service_445,Vendor_5,EQUITIES,PORTFOLIO MANAGEMENT,GLOBAL,44,6,2.38
446,Service_446,Vendor_5,EQUITIES,PORTFOLIO MANAGEMENT,GLOBAL,48,6,1.65
447,Service_447,Vendor_5,EQUITIES,FUNDAMENTAL ANALYSIS,GLOBAL,17,6,2.14
448,Service_448,Vendor_5,EQUITIES,FUNDAMENTAL ANALYSIS,GLOBAL,6,6,4.36
449,Service_449,Vendor_5,EQUITIES,FUNDAMENTAL ANALYSIS,GLOBAL,20,6,2.74
450,Service_450,Vendor_5,EQUITIES,PORTFOLIO MANAGEMENT,GLOBAL,10,6,1.87
451,Service_451,Vendor_5,EQUITIES,PORTFOLIO MANAGEMENT,GLOBAL,15,6,3.41
452,Service_452,Vendor_5,EQUITIES,FUNDAMENTAL ANALYSIS,GLOBAL,1,6,2.57
453,Service_453,Vendor_5,EQUITIES,FUNDAMENTAL ANALYSIS,GLOBAL,19,6,4.71
454,Service_454,Vendor_5,EQUITIES,FUNDAMENTAL ANALYSIS,GLOBAL,5,6,3.73
455,Service_455,Vendor_5,EQUITIES,PORTFOLIO MANAGEMENT,GLOBAL,49,6,3.52
456,Service_456,Vendor_5,EQUITIES,PORTFOLIO MANAGEMENT,GLOBAL,4,6,3.45
457,Service_457,Vendor_5,EQUITIES,FUNDAMENTAL ANALYSIS,GLOBAL,36,6,2.56
458,Service_458,Vendor_5,EQUITIES,FUNDAMENTAL ANALYSIS,GLOBAL,33,6,3.38
459,Service_459,Vendor_5,EQUITIES,FUNDAMENTAL ANALYSIS,GLOBAL,31,6,2.39
460,Service_460,Vendor_5,EQUITIES,PORTFOLIO MANAGEMENT,APAC,25,6,4.3
461,Service_461,Vendor_5,EQUITIES,PORTFOLIO MANAGEMENT,APAC,42,6,4.94
462,Service_462,Vendor_5,EQUITIES,FUNDAMENTAL ANALYSIS,APAC,41,6,3.13
463,Service_463,Vendor_5,EQUITIES,FUNDAMENTAL ANALYSIS,APAC,6,6,2.52
464,Service_464,Vendor_5,EQUITIES,FUNDAMENTAL ANALYSIS,APAC,49,6,3.82
465,Service_465,Vendor_5,EQUITIES,PORTFOLIO MANAGEMENT,GLOBAL,44,6,4.39
466,Service_466,Vendor_5,EQUITIES,PORTFOLIO MANAGEMENT,GLOBAL,40,6,3.69
467,Service_467,Vendor_5,EQUITIES,FUNDAMENTAL ANALYSIS,GLOBAL,29,6,1.18
468,Service_468,Vendor_5,EQUITIES,FUNDAMENTAL ANALYSIS,GLOBAL,20,6,4.71
469,Service_469,Vendor_5,EQUITIES,FUNDAMENTAL ANALYSIS,GLOBAL,44,6,4.82
470,Service_470,Vendor_5,EQUITIES,PORTFOLIO MANAGEMENT,GLOBAL,34,6,3.1
471,Service_471,Vendor_5,EQUITIES,PORTFOLIO MANAGEMENT,GLOBAL,37,6,1.09
472,Service_472,Vendor_5,EQUITIES,FUNDAMENTAL ANALYSIS,GLOBAL,44,6,1.97
473,Service_473,Vendor_5,EQUITIES,FUNDAMENTAL ANALYSIS,GLOBAL,30,6,3.75
474,Service_474,Vendor_5,EQUITIES,FUNDAMENTAL ANALYSIS,GLOBAL,24,6,1.84
475,Service_475,Vendor_5,EQUITIES,PORTFOLIO MANAGEMENT,EMEA,3,6,3.35
476,Service_476,Vendor_5,EQUITIES,PORTFOLIO MANAGEMENT,EMEA,15,6,1.94
477,Service_477,Vendor_5,EQUITIES,FUNDAMENTAL ANALYSIS,EMEA,21,6,2.25
478,Service_478,Vendor_5,EQUITIES,FUNDAMENTAL ANALYSIS,EMEA,12,6,3.18
479,Service_479,Vendor_5,EQUITIES,FUNDAMENTAL ANALYSIS,EMEA,45,6,2.32
480,Service_480,Vendor_5,EQUITIES,PORTFOLIO MANAGEMENT,GLOBAL,25,6,4.27
481,Service_481,Vendor_5,EQUITIES,PORTFOLIO MANAGEMENT,GLOBAL,2,6,3.01
482,Service_482,Vendor_5,EQUITIES,FUNDAMENTAL ANALYSIS,GLOBAL,37,6,1.57
483,Service_483,Vendor_5,EQUITIES,FUNDAMENTAL ANALYSIS,GLOBAL,38,6,1.8
484,Service_484,Vendor_5,EQUITIES,FUNDAMENTAL ANALYSIS,GLOBAL,47,6,2.29
485,Service_485,Vendor_5,EQUITIES,PORTFOLIO MANAGEMENT,APAC,26,6,1.32
486,Service_486,Vendor_5,EQUITIES,PORTFOLIO MANAGEMENT,APAC,41,6,4.79
487,Service_487,Vendor_5,EQUITIES,FUNDAMENTAL ANALYSIS,APAC,11,6,1.85
488,Service_488,Vendor_5,EQUITIES,FUNDAMENTAL ANALYSIS,APAC,3,6,2.72
489,Service_489,Vendor_5,EQUITIES,FUNDAMENTAL ANALYSIS,APAC,26,6,2.73
490,Service_490,Vendor_5,EQUITIES,PORTFOLIO MANAGEMENT,AMERICAS,36,6,3.57
491,Service_491,Vendor_5,EQUITIES,PORTFOLIO MANAGEMENT,AMERICAS,43,6,1.7
492,Service_492,Vendor_5,EQUITIES,FUNDAMENTAL ANALYSIS,AMERICAS,39,6,1.92
493,Service_493,Vendor_5,EQUITIES,FUNDAMENTAL ANALYSIS,AMERICAS,43,6,2.65
494,Service_494,Vendor_5,EQUITIES,FUNDAMENTAL ANALYSIS,AMERICAS,11,6,2.12
495,Service_495,Vendor_6,EQUITIES,PRICING,EMEA,22,13,4.25
496,Service_496,Vendor_6,EQUITIES,UNDERLYING SECURITY,EMEA,26,13,4.71
497,Service_497,Vendor_6,EQUITIES,UNDERLYING SECURITY,EMEA,36,13,2.39
498,Service_498,Vendor_6,EQUITIES,PORTFOLIO MANAGEMENT,EMEA,10,13,1.89
499,Service_499,Vendor_6,EQUITIES,UNDERLYING SECURITY,EMEA,22,13,3.83
500,Service_500,Vendor_6,EQUITIES,UNDERLYING SECURITY,EMEA,47,13,2.76
501,Service_501,Vendor_6,EQUITIES,PORTFOLIO MANAGEMENT,EMEA,36,13,4.21
502,Service_502,Vendor_6,EQUITIES,UNDERLYING SECURITY,EMEA,29,13,2.96
503,Service_503,Vendor_6,EQUITIES,UNDERLYING SECURITY,EMEA,43,13,1.73
504,Service_504,Vendor_6,EQUITIES,PORTFOLIO MANAGEMENT,EMEA,14,13,1.63
505,Service_505,Vendor_6,EQUITIES,UNDERLYING SECURITY,EMEA,48,13,4.21
506,Service_506,Vendor_6,EQUITIES,UNDERLYING SECURITY,EMEA,44,13,1.04
507,Service_507,Vendor_6,EQUITIES,UNDERLYING SECURITY,EMEA,16,13,4.66
508,Service_508,Vendor_6,EQUITIES,UNDERLYING SECURITY,EMEA,50,13,2.16
509,Service_509,Vendor_6,EQUITIES,PORTFOLIO MANAGEMENT,EMEA,24,13,2.45
510,Service_510,Vendor_6,EQUITIES,PORTFOLIO MANAGEMENT,EMEA,2,13,2.2
511,Service_511,Vendor_6,EQUITIES,PORTFOLIO MANAGEMENT,EMEA,17,13,2.95
512,Service_512,Vendor_6,EQUITIES,DIVIDEND,EMEA,8,13,1.83
513,Service_513,Vendor_6,EQUITIES,DIVIDEND,EMEA,32,13,1.16
514,Service_514,Vendor_6,EQUITIES,UNDERLYING SECURITY,EMEA,27,13,4.7
515,Service_515,Vendor_6,EQUITIES,UNDERLYING SECURITY,EMEA,3,13,2.74
516,Service_516,Vendor_6,EQUITIES,PORTFOLIO MANAGEMENT,EMEA,38,13,4.21
517,Service_517,Vendor_6,EQUITIES,UNDERLYING SECURITY,EMEA,39,13,3.83
518,Service_518,Vendor_6,EQUITIES,UNDERLYING SECURITY,EMEA,15,13,4.94
519,Service_519,Vendor_6,EQUITIES,PORTFOLIO MANAGEMENT,EMEA,30,13,2.65
520,Service_520,Vendor_6,EQUITIES,UNDERLYING SECURITY,EMEA,35,13,2.52
521,Service_521,Vendor_6,EQUITIES,UNDERLYING SECURITY,EMEA,41,13,3.58
522,Service_522,Vendor_6,EQUITIES,PORTFOLIO MANAGEMENT,EMEA,30,13,3.19
523,Service_523,Vendor_6,EQUITIES,UNDERLYING SECURITY,EMEA,32,13,4.98
524,Service_524,Vendor_6,EQUITIES,UNDERLYING SECURITY,EMEA,16,13,4.22
525,Service_525,Vendor_6,EQUITIES,UNDERLYING SECURITY,EMEA,13,13,3.19
526,Service_526,Vendor_6,EQUITIES,PORTFOLIO MANAGEMENT,EMEA,39,13,1.66
527,Service_527,Vendor_6,EQUITIES,UNDERLYING SECURITY,EMEA,32,13,3.28
528,Service_528,Vendor_6,EQUITIES,UNDERLYING SECURITY,EMEA,43,13,3.37
529,Service_529,Vendor_6,EQUITIES,UNDERLYING SECURITY,EMEA,50,13,1.76
530,Service_530,Vendor_6,EQUITIES,UNDERLYING SECURITY,EMEA,32,13,3.96
531,Service_531,Vendor_6,EQUITIES,UNDERLYING SECURITY,EMEA,35,13,2.1
532,Service_532,Vendor_6,EQUITIES,UNDERLYING SECURITY,EMEA,50,13,2.13
533,Service_533,Vendor_6,EQUITIES,UNDERLYING SECURITY,EMEA,36,13,1.13
534,Service_534,Vendor_6,EQUITIES,UNDERLYING SECURITY,EMEA,3,13,1.51
535,Service_535,Vendor_6,EQUITIES,UNDERLYING SECURITY,EMEA,6,13,1.56
536,Service_536,Vendor_6,EQUITIES,UNDERLYING SECURITY,EMEA,48,13,2.64
537,Service_537,Vendor_6,EQUITIES,UNDERLYING SECURITY,EMEA,50,13,1.24
538,Service_538,Vendor_6,EQUITIES,UNDERLYING SECURITY,EMEA,35,13,4.32
539,Service_539,Vendor_6,EQUITIES,UNDERLYING SECURITY,EMEA,32,13,2.26
540,Service_540,Vendor_6,EQUITIES,UNDERLYING SECURITY,EMEA,18,13,1.5
541,Service_541,Vendor_6,EQUITIES,UNDERLYING SECURITY,EMEA,21,13,2.28
542,Service_542,Vendor_6,EQUITIES,UNDERLYING SECURITY,EMEA,39,13,4.35
543,Service_543,Vendor_6,EQUITIES,UNDERLYING SECURITY,EMEA,30,13,1.55
544,Service_544,Vendor_6,EQUITIES,UNDERLYING SECURITY,EMEA,36,13,2.03
545,Service_545,Vendor_6,EQUITIES,UNDERLYING SECURITY,EMEA,25,13,4.1
546,Service_546,Vendor_6,EQUITIES,UNDERLYING SECURITY,EMEA,31,13,1.25
547,Service_547,Vendor_6,EQUITIES,UNDERLYING SECURITY,EMEA,44,13,2.62
548,Service_548,Vendor_6,EQUITIES,UNDERLYING SECURITY,EMEA,8,13,4.14
549,Service_549,Vendor_6,EQUITIES,UNDERLYING SECURITY,EMEA,1,13,2.19
550,Service_550,Vendor_6,EQUITIES,UNDERLYING SECURITY,EMEA,47,13,1.89
551,Service_551,Vendor_6,EQUITIES,UNDERLYING SECURITY,EMEA,48,13,4.74
552,Service_552,Vendor_6,EQUITIES,UNDERLYING SECURITY,EMEA,1,13,1.89
553,Service_553,Vendor_6,EQUITIES,UNDERLYING SECURITY,EMEA,47,13,4.19
554,Service_554,Vendor_6,EQUITIES,UNDERLYING SECURITY,EMEA,22,13,3.61
555,Service_555,Vendor_6,EQUITIES,UNDERLYING SECURITY,EMEA,28,13,1.89
556,Service_556,Vendor_6,EQUITIES,UNDERLYING SECURITY,EMEA,33,13,3.12
557,Service_557,Vendor_6,EQUITIES,UNDERLYING SECURITY,EMEA,37,13,4.29
558,Service_558,Vendor_6,EQUITIES,UNDERLYING SECURITY,EMEA,20,13,4.76
559,Service_559,Vendor_6,EQUITIES,VOLATILITY,EMEA,48,13,3.75
560,Service_560,Vendor_6,EQUITIES,VOLATILITY,EMEA,19,13,4.23
561,Service_561,Vendor_6,EQUITIES,UNDERLYING SECURITY,EMEA,7,13,1.43
562,Service_562,Vendor_6,EQUITIES,UNDERLYING SECURITY,EMEA,33,13,3.14
563,Service_563,Vendor_6,EQUITIES,UNDERLYING SECURITY,EMEA,44,13,4.19
564,Service_564,Vendor_6,EQUITIES,UNDERLYING SECURITY,EMEA,39,13,2.15
565,Service_565,Vendor_6,EQUITIES,UNDERLYING SECURITY,EMEA,24,13,4.03
566,Service_566,Vendor_6,EQUITIES,UNDERLYING SECURITY,EMEA,33,13,1.98
567,Service_567,Vendor_6,EQUITIES,UNDERLYING SECURITY,EMEA,29,13,4.25
568,Service_568,Vendor_6,EQUITIES,UNDERLYING SECURITY,EMEA,44,13,3.87
569,Service_569,Vendor_6,EQUITIES,FUNDAMENTAL ANALYSIS,EMEA,12,13,3.84
570,Service_570,Vendor_6,EQUITIES,PORTFOLIO MANAGEMENT,EMEA,15,13,2.11
571,Service_571,Vendor_7,FIXED INCOME,POSITIONS,AMERICAS,44,26,1.04
572,Service_572,Vendor_7,FIXED INCOME,POSITIONS,AMERICAS,47,26,4.67
573,Service_573,Vendor_7,FIXED INCOME,POSITIONS,AMERICAS,50,26,2.23
574,Service_574,Vendor_7,FIXED INCOME,POSITIONS,AMERICAS,29,26,3.28
575,Service_575,Vendor_7,FIXED INCOME,POSITIONS,AMERICAS,20,26,2.71
576,Service_576,Vendor_7,FIXED INCOME,POSITIONS,AMERICAS,35,26,4.91
577,Service_577,Vendor_7,FIXED INCOME,POSITIONS,AMERICAS,39,26,4.83
578,Service_578,Vendor_7,FIXED INCOME,POSITIONS,AMERICAS,26,26,1.43
579,Service_579,Vendor_7,FIXED INCOME,POSITIONS,AMERICAS,29,26,4.56
580,Service_580,Vendor_7,FIXED INCOME,POSITIONS,AMERICAS,11,26,4.66
581,Service_581,Vendor_7,FIXED INCOME,POSITIONS,AMERICAS,37,26,4.45
582,Service_582,Vendor_7,FIXED INCOME,POSITIONS,AMERICAS,12,26,2.51
583,Service_583,Vendor_7,FIXED INCOME,DATA QUALITY,AMERICAS,17,26,4.51
584,Service_584,Vendor_7,FIXED INCOME,DATA QUALITY,AMERICAS,43,26,4.09
585,Service_585,Vendor_7,FIXED INCOME,DATA QUALITY,AMERICAS,2,26,2.01
586,Service_586,Vendor_7,FIXED INCOME,DATA QUALITY,AMERICAS,16,26,1.6
587,Service_587,Vendor_7,FIXED INCOME,DATA QUALITY,AMERICAS,32,26,2.34
588,Service_588,Vendor_7,FIXED INCOME,DATA QUALITY,AMERICAS,7,26,2.36
589,Service_589,Vendor_8,EQUITIES,REGULATOR FILING,AMERICAS,31,4,2.79
590,Service_590,Vendor_9,EQUITIES,PORTFOLIO MANAGEMENT,GLOBAL,17,3,3.24
591,Service_591,Vendor_10,EQUITIES,EARNINGS,AMERICAS,23,3,1.59
592,Service_592,Vendor_10,EQUITIES,EARNINGS,AMERICAS,23,7,1.15
593,Service_593,Vendor_10,FIXED INCOME,PRICING,GLOBAL,18,10,1.35
594,Service_594,Vendor_10,FIXED INCOME,PRICING,GLOBAL,19,6,3.63
595,Service_595,Vendor_10,FIXED INCOME,PRICING,GLOBAL,27,10,4.03
596,Service_596,Vendor_10,FIXED INCOME,PRICING,GLOBAL,26,7,3.86
597,Service_597,Vendor_11,EQUITIES,REFERENCE DATA,AMERICAS,11,4,2.72
598,Service_598,Vendor_11,EQUITIES,BANKRUPTCY,AMERICAS,6,4,3.64
599,Service_599,Vendor_11,EQUITIES,EARNINGS,AMERICAS,15,4,2.84
600,Service_600,Vendor_11,EQUITIES,EARNINGS,AMERICAS,43,4,1.13
